"id","name"
1,"العقيدة"
2,"الفرق والردود"
3,"التفسير"
4,"علوم القرآن وأصول التفسير"
5,"التجويد والقراءات"
6,"كتب السنة"
7,"شروح الحديث"
8,"التخريج والأطراف"
9,"العلل والسؤلات الحديثية"
10,"علوم الحديث"
11,"أصول الفقه"
12,"علوم الفقه والقواعد الفقهية"
14,"الفقه الحنفي"
15,"الفقه المالكي"
16,"الفقه الشافعي"
17,"الفقه الحنبلي"
18,"الفقه العام"
19,"مسائل فقهية"
20,"السياسة الشرعية والقضاء"
21,"الفرائض والوصايا"
22,"الفتاوى"
23,"الرقائق والآداب والأذكار"
24,"السيرة النبوية"
25,"التاريخ"
26,"التراجم والطبقات"
27,"الأنساب"
28,"البلدان والرحلات"
30,"الغريب والمعاجم"
31,"النحو والصرف"
32,"الأدب"
35,"البلاغة"
36,"الجوامع"
37,"فهارس الكتب والأدلة"
38,"الطب"
39,"كتب عامة"
40,"علوم أخرى"
